{
  "$schema": "http://json-schema.org/draft-07/schema#",
  "type": "object",
  "properties": {
    "language": {"type": "string"},
    "title": {"type": "string"},
    "key_points": {
      "type": "array",
      "items": {"type": "string"},
      "minItems": 5,
      "maxItems": 5
    },
    "tags": {
      "type": "array",
      "items": {"type": "string"}
    },
    "summary_length_chars": {"type": "number"}
  },
  "required": ["language","title","key_points","tags","summary_length_chars"],
  "additionalProperties": false
}